company,website,name,email,title,niche,mx_ok,mx,russia_focus
1С:Сервистренд,https://www.servicetrend.ru,Отдел продаж,sale@servicetrend.ru,Sales,1С,True,MX found,True
A2IS,https://a2is.ru,Отдел продаж,info@a2is.ru,Sales,IT-интеграция,True,MX found,True
BPMSoft,https://www.bpmsoft.ru,Отдел продаж,info@bpmsoft.ru,Sales,BPM,True,MX found,True
Bopup,https://www.bopup.ru,Отдел продаж,sales@bopup.ru,Sales,Корп. мессенджер,True,MX found,True
Callibri,https://callibri.ru,Отдел продаж,sales@callibri.ru,Sales,Коллтрекинг,True,MX found,True
Calltouch,https://www.calltouch.ru,Отдел продаж,sales@calltouch.ru,Sales,Аналитика,True,MX found,True
Carrot quest,https://www.carrotquest.ru,Отдел продаж,sales@carrotquest.ru,Sales,MarTech,True,MX found,True
Clientbase,https://clientbase.ru,Отдел продаж,info@clientbase.ru,Sales,CRM,True,MX found,True
Cloud.ru,https://cloud.ru,Отдел продаж,sales@cloud.ru,Sales,Облако,True,MX found,True
CoMagic,https://www.comagic.ru,Отдел продаж,sales@comagic.ru,Sales,Коллтрекинг,True,MX found,True
Compo,https://compob2b.ru,Отдел продаж,info@compo.ru,Sales,B2B e-com,True,MX found,True
Directum,https://www.directum.ru,Отдел продаж,info@directum.ru,Sales,СЭД,True,MX found,True
ELMA,https://www.elma-bpm.ru,Отдел продаж,info@elma-bpm.ru,Sales,BPM,True,MX found,True
FirstVDS,https://firstvds.ru,Отдел продаж,sales@firstvds.ru,Sales,VPS,True,MX found,True
Getexperts,https://getexperts.ru,Отдел продаж,hello@getexperts.ru,Sales,IT-рекрутинг,True,MX found,True
HNC,https://hnc.su,Отдел продаж,sales@hnc.su,Sales,АСУТП / ЧПУ,True,MX found,True
Huntflow,https://huntflow.ru,Коммерческий отдел,office@huntflow.ru,Sales,HRtech,True,MX found,True
IVA Technologies,https://iva.ru,Отдел продаж,sales@iva.ru,Sales,ВКС,True,MX found,True
InSales,https://www.insales.ru,Отдел продаж,sales@insales.ru,Sales,eCom,True,MX found,True
InfoWatch,https://www.infowatch.ru,Отдел продаж,info@infowatch.ru,Sales,Кибербезопасность,True,MX found,True
Ingate,https://www.ingate.ru,Отдел продаж,info@ingate.ru,Sales,Digital-агентство,True,MX found,True
Jivo,https://www.jivo.ru,Отдел продаж,sales@jivo.ru,Sales,Чаты B2B,True,MX found,True
Kaspersky,https://www.kaspersky.ru/enterprise-security,Отдел продаж,sales@kaspersky.ru,Sales,Кибербезопасность,True,MX found,True
LPTracker,https://lptracker.ru,Отдел продаж,sales@lptracker.ru,Sales,CRM / лиды,True,MX found,True
Mango Office,https://www.mango-office.ru,Отдел продаж,sales@mango-office.ru,Sales,Телефония,True,MX found,True
Mindbox,https://mindbox.ru,Офис продаж,info@mindbox.ru,Sales,MarTech,True,MX found,True
Naumen,https://www.naumen.ru,Отдел продаж,info@naumen.ru,Sales,ITSM,True,MX found,True
Okdesk,https://okdesk.ru,Отдел продаж,sales@okdesk.ru,Sales,Helpdesk,True,MX found,True
OnlinePBX,https://www.onlinepbx.ru,Отдел продаж,sales@onlinepbx.ru,Sales,Облачная АТС,True,MX found,True
Positive Technologies,https://www.ptsecurity.com/ru-ru,Отдел продаж,sales@ptsecurity.com,Sales,Кибербезопасность,True,MX found,True
RetailCRM,https://www.retailcrm.ru,Отдел продаж,sales@retailcrm.ru,Sales,eCom CRM,True,MX found,True
SearchInform,https://searchinform.ru,Отдел продаж,info@searchinform.ru,Sales,Кибербезопасность,True,MX found,True
Selectel,https://selectel.ru,Отдел продаж,sales@selectel.ru,Sales,Облако,True,MX found,True
SimpleOne,https://simpleone.ru,Отдел продаж,info@simpleone.ru,Sales,ITSM,True,MX found,True
Softline,https://softline.ru,Отдел продаж,info@softline.ru,Sales,IT-дистрибуция,True,MX found,True
StaffLine,https://staffline.ru,Отдел продаж,info@staffline.ru,Sales,Рекрутинг,True,MX found,True
StartExam,https://startexam.ru,Отдел продаж,info@startexam.ru,Sales,Оценка персонала,True,MX found,True
Texterra,https://texterra.ru,Отдел продаж,info@texterra.ru,Sales,Digital-агентство,True,MX found,True
TrueConf,https://trueconf.ru,Отдел продаж,info@trueconf.ru,Sales,ВКС,True,MX found,True
UIS,https://www.uiscom.ru,Отдел продаж,sales@uiscom.ru,Sales,Телефония,True,MX found,True
Usedesk,https://usedesk.ru,Отдел продаж,sales@usedesk.ru,Sales,Helpdesk,True,MX found,True
amoCRM,https://www.amocrm.ru,Отдел продаж,support@amocrm.ru,Sales,CRM,True,MX found,True
iSpring,https://www.ispring.ru,Отдел продаж,sales@ispring.ru,Sales,EdTech B2B,True,MX found,True
Битрикс24,https://www.bitrix24.ru,Отдел продаж,sales@bitrix24.ru,Sales,CRM,True,MX found,True
Диасофт,https://diasoft.ru,Отдел продаж,info@diasoft.ru,Sales,ПО для финансов,True,MX found,True
Искролайн,https://iskroline.ru,Отдел продаж,sales@iskroline.ru,Sales,Аналитическое оборудование,True,MX found,True
КРОК,https://www.croc.ru,Отдел продаж,info@croc.ru,Sales,IT-интегратор,True,MX found,True
Кайтен,https://kaiten.ru,Отдел продаж,sales@kaiten.ru,Sales,SaaS / задачики,True,MX found,True
Клеверенс,https://www.cleverence.ru,Отдел продаж,sales@cleverence.ru,Sales,Mobile logistics,True,MX found,True
МТС Линк,https://mts-link.ru,Отдел продаж,sales@mts-link.ru,Sales,ВКС,True,MX found,True
Мегаплан,https://megaplan.ru,Отдел продаж,sales@megaplan.ru,Sales,CRM / задачики,True,MX found,True
Модульбанк,https://modulbank.ru,Отдел продаж,support@modulbank.ru,Sales,Банк для бизнеса,True,MX found,True
МойСклад,https://www.moysklad.ru,Отдел продаж,sales@moysklad.ru,Sales,Учёт,True,MX found,True
ПланФикс,https://planfix.ru,Отдел продаж,sales@planfix.ru,Sales,Управление работой,True,MX found,True
Простые звонки,https://prostiezvonki.ru,Отдел продаж,info@prostiezvonki.ru,Sales,Телефония+CRM,True,MX found,True
РИЦ Техносфера,https://technosphera.ru,Отдел продаж,sales@technosphera.ru,Sales,B2B поставки / техника,True,MX found,True
Рег.ру,https://www.reg.ru,Отдел продаж,sales@reg.ru,Sales,Домены / хостинг,True,MX found,True
СКБ Контур,https://kontur.ru,Клиентский сервис,info@kontur.ru,Sales,SaaS / ЭДО,True,MX found,True
