Компания,Сайт,Имя,Email,Должность,Ниша,Персонализация,Тип_контакта,MX_домена,MX_ok,РФ_домен,Источник_персонализации,QA_флаги
1С:Сервистренд,https://www.servicetrend.ru,Отдел продаж,sale@servicetrend.ru,Sales,1С,Сайт компании на момент сбора недоступен — персонализацию нужно добрать вручную (LinkedIn / новости / 2ГИС).,role-based (публичный корпоративный ящик),MX found,True,True,unavailable,сайт недоступен
A2IS,https://a2is.ru,Отдел продаж,info@a2is.ru,Sales,IT-интеграция,"A2IS: Мы помогаем людям выбрать лучший сервис для бизнеса. Читайте отзывы, обзоры, рейтинги ТОП-программ. Эксперты помогут в выборе лучшего сервиса для вашего дела.",role-based (публичный корпоративный ящик),MX found,True,True,website,
BPMSoft,https://www.bpmsoft.ru,Отдел продаж,info@bpmsoft.ru,Sales,BPM,"Российская low-code платформа BPMSoft для автоматизации бизнес-процессов. Единая экосистема для управления продажами, маркетингом и сервисом.",role-based (публичный корпоративный ящик),MX found,True,True,website,
Bopup,https://www.bopup.ru,Отдел продаж,sales@bopup.ru,Sales,Корп. мессенджер,Bopup: Российские программные решения для организации эффективной системы безопасного обмена мгновенными сообщениями и общения для бизнеса. Корпоративный сервер для передачи сообщений и клиентское программное обеспечение для использования в локальных сетях (LAN/WAN) и в сетях…,role-based (публичный корпоративный ящик),MX found,True,True,website,
Callibri,https://callibri.ru,Отдел продаж,sales@callibri.ru,Sales,Коллтрекинг,"Инструменты Callibri приводят новых клиентов, повышают конверсию сайта и экономят бюджет. Автоматизируйте работу с лидами на всех этапах воронки с платформой лид-менеджмента для маркетологов.",role-based (публичный корпоративный ящик),MX found,True,True,website,
Calltouch,https://www.calltouch.ru,Отдел продаж,sales@calltouch.ru,Sales,Аналитика,"Calltouch: Привлекайте, конвертируйте и анализируйте ваших клиентов. Инструменты Calltouch могут закрыть все потребности маркетинга на пути клиента.",role-based (публичный корпоративный ящик),MX found,True,True,website,
Carrot quest,https://www.carrotquest.ru,Отдел продаж,sales@carrotquest.ru,Sales,MarTech,"Carrot quest: Автоматизируйте лидогенерацию, прогрев и поддержку клиентов с Carrot quest. Помогаем бизнесу получать +25% к выручке без увеличения бюджета",role-based (публичный корпоративный ящик),MX found,True,True,website,
Clientbase,https://clientbase.ru,Отдел продаж,info@clientbase.ru,Sales,CRM,"Clientbase: Платформа КБ — современная и удобная CRM/ERP система на русском языке. Купить простую ЦРМ онлайн по выгодной цене. Российские CRM программы: расчет стоимости, платформа для бизнеса.",role-based (публичный корпоративный ящик),MX found,True,True,website,
Cloud.ru,https://cloud.ru,Отдел продаж,sales@cloud.ru,Sales,Облако,"Cloud.ru — облачные сервисы и ИИ-технологии для бизнеса. Мы делаем доступ к облакам и ИИ простым и удобным. Более 130 IaaS- и PaaS-сервисов, дата-центры уровня Tier III и доступность по SLA 99,982%. Соответствие требованиям 152-ФЗ и 187-ФЗ.",role-based (публичный корпоративный ящик),MX found,True,True,website,
CoMagic,https://www.comagic.ru,Отдел продаж,sales@comagic.ru,Sales,Коллтрекинг,CoMagic: Единая система управления коммуникациями в маркетинге и продажах. Аналитика и контроль всех видов коммуникаций компании с клиентом. Увеличение эффективности омниканального маркетинга .,role-based (публичный корпоративный ящик),MX found,True,True,website,
Compo,https://compob2b.ru,Отдел продаж,info@compo.ru,Sales,B2B e-com,"Compo: Внедрение платформы значительно упрощает и автоматизирует торговые процессы: закупку, продажу, работу с товаров, складами и остатками. Для производителей, дистрибьюторов, интернет-магазинов и многих других компаний, заинтересованных в автоматизации.",role-based (публичный корпоративный ящик),MX found,True,True,website,домен email ≠ сайт
Directum,https://www.directum.ru,Отдел продаж,info@directum.ru,Sales,СЭД,"Экосистема Directum включает продукты для управления стратегией, кадровыми процессами, проектами, сервисами и документами. Работа с десятками тысяч пользователей, ИИ, no/low-code и импортонезависимость.",role-based (публичный корпоративный ящик),MX found,True,True,website,
ELMA,https://www.elma-bpm.ru,Отдел продаж,info@elma-bpm.ru,Sales,BPM,"ELMA365 — Low-code платформа для автоматизации бизнеса и бизнес-процессов. Экосистема включает в себя BPM, CSP, CRM, КЭДО и Service. Не требует загрузки, проста в настройке. Попробовать бесплатно.",role-based (публичный корпоративный ящик),MX found,True,True,website,
FirstVDS,https://firstvds.ru,Отдел продаж,sales@firstvds.ru,Sales,VPS,"FirstVDS: VPS и VDS хостинг для сайта в России, Европе и Казахстане дёшево. Аренда, покупка и заказ виртуальных серверов VPS или VDS, регистрация доменов и SSL-сертификатов",role-based (публичный корпоративный ящик),MX found,True,True,website,
Getexperts,https://getexperts.ru,Отдел продаж,hello@getexperts.ru,Sales,IT-рекрутинг,"Getexperts: Подбор профессионалов, executive search, мэппинг, оценка персонала, ИИ-решения. 18 лет в России. 400 000+ кандидатов в базе. 1000+ российских и международных клиентов. 90% принятых офферов.",role-based (публичный корпоративный ящик),MX found,True,True,website,
HNC,https://hnc.su,Отдел продаж,sales@hnc.su,Sales,АСУТП / ЧПУ,"HNC: Решения АСУТП: ПЛК, HMI, Сервопривода, Преобразователи частоты, датчики, редукторы, ЧПУ, осевые двигатели и шпиндели",role-based (публичный корпоративный ящик),MX found,True,True,website,
Huntflow,https://huntflow.ru,Коммерческий отдел,office@huntflow.ru,Sales,HRtech,"Huntflow: Хантфлоу — система автоматизации рекрутмента, которая помогает закрывать вакансии в срок. C Хантфлоу подбор персонала становится быстрым и удобным.",role-based (публичный корпоративный ящик),MX found,True,True,website,
IVA Technologies,https://iva.ru,Отдел продаж,sales@iva.ru,Sales,ВКС,"IVA Technologies: Включает в себя платформу видеоконференцсвязи IVA MCU, корпоративный мессенджер, IP-телефонию, видеотерминалы и другие продукты",role-based (публичный корпоративный ящик),MX found,True,True,website,
InSales,https://www.insales.ru,Отдел продаж,sales@insales.ru,Sales,eCom,"inSales — единый инструмент для всех каналов интернет-продаж: создайте интернет-магазин, продавайте через маркетплейсы, соцсети и мессенджеры.",role-based (публичный корпоративный ящик),MX found,True,True,website,
InfoWatch,https://www.infowatch.ru,Отдел продаж,info@infowatch.ru,Sales,Кибербезопасность,InfoWatch: Информационная безопасность от эксперта российского рынка. Первая российская DLP-система с искусственным интеллектом для автоматизации работы служб ИБ. Инфовотч. Информационная безопасность (ИБ) – защита информации. Защита конфиденциальной информации. Обеспечение…,role-based (публичный корпоративный ящик),MX found,True,True,website,
Ingate,https://www.ingate.ru,Отдел продаж,info@ingate.ru,Sales,Digital-агентство,"В группу компаний Ingate Group входят маркетинговые агентства и SaaS-сервисы, уже использующие AI в своих процессах и продуктах. Продвижение и раскрутка сайтов, социальных сетей и других источников трафика и продаж.",role-based (публичный корпоративный ящик),MX found,True,True,website,
Jivo,https://www.jivo.ru,Отдел продаж,sales@jivo.ru,Sales,Чаты B2B,"Jivo (ранее JivoSite) – чат на сайт, телефония и обратные звонки, прием сообщений из соцсетей, мессенджеров, приложений и e-mail, корпоративный чат и встроенные CRM-возможности.",role-based (публичный корпоративный ящик),MX found,True,True,website,
Kaspersky,https://www.kaspersky.ru/enterprise-security,Отдел продаж,sales@kaspersky.ru,Sales,Кибербезопасность,"Kaspersky: Корпоративные решения и сервисы «Лаборатории Касперского» защищают крупные предприятия от киберугроз любой сложности. Узнайте, как «Лаборатория Касперского» может обеспечить безопасность ваших корпоративных активов и бесперебойную работу вашего бизнеса в цифровой среде.",role-based (публичный корпоративный ящик),MX found,True,True,website,
LPTracker,https://lptracker.ru,Отдел продаж,sales@lptracker.ru,Sales,CRM / лиды,"LPTracker: ЛП Трекер - официальный сайт компании. Голосовые роботы, CRM система, аналитика эффективности рекламы, воронка продаж, захват посетителей на сайте.",role-based (публичный корпоративный ящик),MX found,True,True,website,
Mango Office,https://www.mango-office.ru,Отдел продаж,sales@mango-office.ru,Sales,Телефония,"Облачные бизнес-коммуникации MANGO OFFICE берегут самое ценное — Ваши деньги и Ваше время. Удобное, быстрое и надежное средство телефонизации бизнеса по всей России",role-based (публичный корпоративный ящик),MX found,True,True,website,
Mindbox,https://mindbox.ru,Офис продаж,info@mindbox.ru,Sales,MarTech,"Омниканальная маркетинговая платформа Mindbox объединяет CDP, рассылки, персонализацию и аналитику для автоматизации маркетинга и роста выручки.",role-based (публичный корпоративный ящик),MX found,True,True,website,
Naumen,https://www.naumen.ru,Отдел продаж,info@naumen.ru,Sales,ITSM,"Naumen: Вендор и интегратор решений для бизнеса и органов власти. Российские разработки, способные лидировать на мировом рынке",role-based (публичный корпоративный ящик),MX found,True,True,website,
Okdesk,https://okdesk.ru,Отдел продаж,sales@okdesk.ru,Sales,Helpdesk,"Okdesk: Автоматизируйте поддержку, наведите порядок в рабочих процессах, получите контроль за полнотой и качеством работ и обеспечьте прозрачность для заказчиков.",role-based (публичный корпоративный ящик),MX found,True,True,website,
OnlinePBX,https://www.onlinepbx.ru,Отдел продаж,sales@onlinepbx.ru,Sales,Облачная АТС,"Виртуальная АТС onlinePBX — облачная телефония для МСБ с безлимитной записью звонков, интеграцией 30+ CRM, бизнес-аналитикой и техподдержкой 24/7. Подключение за 20 минут от 690₽/мес.",role-based (публичный корпоративный ящик),MX found,True,True,website,
Positive Technologies,https://www.ptsecurity.com/ru-ru,Отдел продаж,sales@ptsecurity.com,Sales,Кибербезопасность,"Positive Technologies: Технологично предотвращаем угрозы для бизнеса и государства. Создаем реальную защиту от кибератак, используя собственные технологии, которые обеспечивают высокую результативность и создают непреодолимый барьер для злоумышленников.",role-based (публичный корпоративный ящик),MX found,True,True,website,название ≠ сайт
RetailCRM,https://www.retailcrm.ru,Отдел продаж,sales@retailcrm.ru,Sales,eCom CRM,"RetailCRM: Омниканальная CRM, где в едином окне: единый профиль покупателя, рассылки, программа лояльности, работа с заказами. ✅ Активируйте пробный период и попробуйте",role-based (публичный корпоративный ящик),MX found,True,True,website,
SearchInform,https://searchinform.ru,Отдел продаж,info@searchinform.ru,Sales,Кибербезопасность,SearchInform: «СёрчИнформ» – российский разработчик средств информационной безопасности и инструментов для защиты информации.,role-based (публичный корпоративный ящик),MX found,True,True,website,
Selectel,https://selectel.ru,Отдел продаж,sales@selectel.ru,Sales,Облако,Selectel: Арендуйте IT-инфраструктуру в дата-центрах Москвы и Петербурга. Комплексные IaaS и PaaS-решения для разных категорий бизнеса: от индивидуальных предпринимателей до крупных корпораций,role-based (публичный корпоративный ящик),MX found,True,True,website,
SimpleOne,https://simpleone.ru,Отдел продаж,info@simpleone.ru,Sales,ITSM,Экосистема продуктов SimpleOne для low-code автоматизации бизнес-процессов и масштабирования сервисного подхода в подразделениях компании.,role-based (публичный корпоративный ящик),MX found,True,True,website,
Softline,https://softline.ru,Отдел продаж,info@softline.ru,Sales,IT-дистрибуция,"Softline: Софтлайн Решения — лидирующий в России ИТ-поставщик продуктов и услуг в области цифровой трансформации и информационной безопасности, объединяющий решения партнеров - лидеров всех сегментов и индустрий российского ИТ-рынка, а также решения собственной разработки, которые…",role-based (публичный корпоративный ящик),MX found,True,True,website,
StaffLine,https://staffline.ru,Отдел продаж,info@staffline.ru,Sales,Рекрутинг,Кадровое агентство StaffLine в Москве. Профессиональный поиск и подбор персонала. Стоимость кадровых услуг уточняйте по телефону или на сайте.,role-based (публичный корпоративный ящик),MX found,True,True,website,
StartExam,https://startexam.ru,Отдел продаж,info@startexam.ru,Sales,Оценка персонала,HR-платформа StartExam — единая система для автоматизации оценки и развития сотрудников. Более 5 000 000 тестирований ежегодно.,role-based (публичный корпоративный ящик),MX found,True,True,website,
Texterra,https://texterra.ru,Отдел продаж,info@texterra.ru,Sales,Digital-агентство,"Агентство TexTerra: продвижение брендов через интернет-маркетинг. Полный комплекс услуг для продвижения вашего бизнеса. 17 лет на рынке, более 3000 реализованных проектов",role-based (публичный корпоративный ящик),MX found,True,True,website,
TrueConf,https://trueconf.ru,Отдел продаж,info@trueconf.ru,Sales,ВКС,TrueConf: Наша компания предоставляет необходимое программное обеспечение для видеоконференций UltraHD качества в локальной сети и через интернет. Система Труконф идеально подходит для Вашего бизнеса.,role-based (публичный корпоративный ящик),MX found,True,True,website,
UIS,https://www.uiscom.ru,Отдел продаж,sales@uiscom.ru,Sales,Телефония,UIS: Единая система управления коммуникациями в маркетинге и продажах. Аналитика и контроль всех видов коммуникаций компании с клиентом. Увеличение эффективности омниканального маркетинга .,role-based (публичный корпоративный ящик),MX found,True,True,website,
Usedesk,https://usedesk.ru,Отдел продаж,sales@usedesk.ru,Sales,Helpdesk,"Usedesk: Хелпдеск для клиентской поддержки на русском языке с ИИ-функциями. Используйте систему для учёта и обработки обращений, автоматизации службы поддержки и контроля качества. Поддерживает до 20 каналов коммуникации.",role-based (публичный корпоративный ящик),MX found,True,True,website,
amoCRM,https://www.amocrm.ru,Отдел продаж,support@amocrm.ru,Sales,CRM,"Система amoCRM – удобная web программа для анализа продаж, доступная в режиме online из любой точки мира! Подробности узнавайте по указанным на сайте телефонам в Москве.",role-based (публичный корпоративный ящик),MX found,True,True,website,
iSpring,https://www.ispring.ru,Отдел продаж,sales@ispring.ru,Sales,EdTech B2B,Программы для онлайн-обучения iSpring: система обучения сотрудников и конструктор курсов. Входим в Единый реестр российского ПО.,role-based (публичный корпоративный ящик),MX found,True,True,website,
Битрикс24,https://www.bitrix24.ru,Отдел продаж,sales@bitrix24.ru,Sales,CRM,"Битрикс24 — это полный комплект бесплатных инструментов для ведения бизнеса: CRM, конструктор сайтов и интернет-магазинов, система управления проектами, контакт-центр и единое пространство для общения всех сотрудников компании. Создайте Битрикс24 бесплатно за 10 минут",role-based (публичный корпоративный ящик),MX found,True,True,website,
Диасофт,https://diasoft.ru,Отдел продаж,info@diasoft.ru,Sales,ПО для финансов,"Диасофт - автоматизированные банковские системы, дистанционное банковское обслуживание (ДБО) и управление отчетностью. Российский разработчик программного обеспечения. Diasoft - это разработка, внедрение, сопровождение программного обеспечения для банков, страховых компаний и…",role-based (публичный корпоративный ящик),MX found,True,True,website,
Искролайн,https://iskroline.ru,Отдел продаж,sales@iskroline.ru,Sales,Аналитическое оборудование,"Искролайн: Российские современные эмиссионные спектрометры для анализа металлов и сплавов. Производство Искролайн, продажа и обслуживание атомно-эмиссионных экспресс спектрометров.",role-based (публичный корпоративный ящик),MX found,True,True,website,
КРОК,https://www.croc.ru,Отдел продаж,info@croc.ru,Sales,IT-интегратор,"КРОК: Комплексная экспертиза в области ИТ-инфраструктуры, внедрении информационных систем, создании программных решений и сервисной поддержки.",role-based (публичный корпоративный ящик),MX found,True,True,website,
Кайтен,https://kaiten.ru,Отдел продаж,sales@kaiten.ru,Sales,SaaS / задачики,"Кайтен — платформа для управления проектами и задачами, которая помогает командам работать быстрее и продуктивнее. Удобные инструменты и наглядные доски.",role-based (публичный корпоративный ящик),MX found,True,True,website,
Клеверенс,https://www.cleverence.ru,Отдел продаж,sales@cleverence.ru,Sales,Mobile logistics,"Клеверенс - компания и программы для бизнеса. Мы помогаем производителям, продавцам и системным интеграторам решать задачи сканирования Штрихкодов и RFID-меток при помощи мобильных приложений, чтобы каждый сотрудник склада, магазина, производства решал поставленные…",role-based (публичный корпоративный ящик),MX found,True,True,website,
МТС Линк,https://mts-link.ru,Отдел продаж,sales@mts-link.ru,Sales,ВКС,"МТС Линк: проведение встреч и совещаний, вебинаров, курсов и мероприятий, корпоративный мессенджер и онлайн-доски, конструктор форм и опросов. Сервисы МТС Линк: Встречи, Вебинары, Чаты, Доски, Курсы, Формы и Comdi.",role-based (публичный корпоративный ящик),MX found,True,True,website,
Мегаплан,https://megaplan.ru,Отдел продаж,sales@megaplan.ru,Sales,CRM / задачики,"Мегаплан — система управления бизнесом для команд и компаний. Подходит для производства, оптовых продаж, строительства и сферы услуг. Простой интерфейс, прозрачная подписка без скрытых платежей и внедрение от разработчиков. Бесплатный доступ на 14 дней.",role-based (публичный корпоративный ящик),MX found,True,True,website,
Модульбанк,https://modulbank.ru,Отдел продаж,support@modulbank.ru,Sales,Банк для бизнеса,Сайт компании на момент сбора недоступен — персонализацию нужно добрать вручную (LinkedIn / новости / 2ГИС).,role-based (публичный корпоративный ящик),MX found,True,True,unavailable,сайт недоступен
МойСклад,https://www.moysklad.ru,Отдел продаж,sales@moysklad.ru,Sales,Учёт,"МойСклад — первая в России облачная ERP-система для малого и среднего бизнеса. Управляйте торговлей, складом или производством. Автоматизируйте магазин с экономией до 50%. У нас на сайте БЕСПЛАТНО начните работу с программой, а поддержка 24/7 поможет на старте.",role-based (публичный корпоративный ящик),MX found,True,True,website,
ПланФикс,https://planfix.ru,Отдел продаж,sales@planfix.ru,Sales,Управление работой,"ПланФикс: Planfix это центр управления компанией. Здесь ставят и выполняют задачи, управляют проектами, планируют работу и достигают цели.",role-based (публичный корпоративный ящик),MX found,True,True,website,
Простые звонки,https://prostiezvonki.ru,Отдел продаж,info@prostiezvonki.ru,Sales,Телефония+CRM,"Простые Звонки — облачный сервис для связи телефонии и CRM. Полный контроль офисных телефонов, смартфонов на Android. Работайте в привычных базах клиентов ☎ + 7 (499) 703 35 90",role-based (публичный корпоративный ящик),MX found,True,True,website,
РИЦ Техносфера,https://technosphera.ru,Отдел продаж,sales@technosphera.ru,Sales,B2B поставки / техника,РИЦ Техносфера: ... Помогайбин История психологии: эволюция основ.,role-based (публичный корпоративный ящик),MX found,True,True,website,
Рег.ру,https://www.reg.ru,Отдел продаж,sales@reg.ru,Sales,Домены / хостинг,"Рег.ру - Российский хостинг-провайдер и регистратор доменов. Домены, хостинг сайтов и DNS-серверов. Облачные VDS/VPS, выделенные серверы в аренду. Конструктор сайтов и CMS, продажа SSL-сертификатов, почта для доменов.",role-based (публичный корпоративный ящик),MX found,True,True,website,
СКБ Контур,https://kontur.ru,Клиентский сервис,info@kontur.ru,Sales,SaaS / ЭДО,"СКБ Контур: Контур — ведущий разработчик онлайн-сервисов для бухгалтерии и бизнеса. SAAS-продукты от Контур выбирают тысячи предприятий по всей России для сдачи отчетности, обмена электронными документами и ведения бухгалтерии.",role-based (публичный корпоративный ящик),MX found,True,True,website,
